Sight N Soundz;Ego Trippin;Hard Bop / Sight N Soundz;4;52;GB8KE1650582;United Kingdom
Filthy Criminals - VIP;Ego Trippin;Filthy VIP's Part One;4;25;GB8KE1755436;United Kingdom
Two Types - VIP;Ego Trippin;Filthy VIP's Part One;4;47;GB8KE1755435;United Kingdom
Blow Them Away;Serum;Hospital: We Are 21;5;11;GBCJY1600360;United Kingdom
Chicken Neck;Macky Gee;Sway;3;49;GB8KE1554349;United Kingdom
Keepmastik;Phlegmatic Dogs;Keepmastik;4;45;USYBL1700077;United States of America
That's Kinda Wavy;Kyle Watson;Road Trips Ep;5;23;FR10S1772566;France
Psycho;AC Slater;My Peoples;4;35;USYBL1600936;United States of America
All About Paper;AC Slater;Outsiders;3;37;USYBL1701289;United States of America
What’s On My Mind;Shiba San;What’s On My Mind;4;51;GBK6Y1715604;United Kingdom
Fade;Malaa;Fade;4;45;USLD90813980;United States of America
Scrub The Ground;Chocolate Puma;Scrub The Ground;2;49;NLZ541500695;Netherlands
The Cannibal;Maximono;Mixmag Presents Amine Edge & Dance;3;57;FR9W11501743;France
Spooky Dub;Ivy Lab;Fortuna EP;4;01;UKCTU1600405;missing
Sunday Crunk - Mefjus Remix;Ivy Lab;MEF:LAB;3;48;GBVPL1500016;United Kingdom
I'm Living - Ed Solo & Stickybuds Remix;Sizzla;I'm Living the Versions & Remixes;5;36;USBEB1410021;United States of America
Nightmares Vip;Culprate;Dawn;3;08;GBKPL1777769;United Kingdom
Aphanite;Maztek;Three Point Zero;4;52;GBQXF1430024;United Kingdom
Burial - Crookers Remix;Yogi;Burial - The Remixes;4;23;USA2P1472708;United States of America
Morena;Tropkillaz;Morena;3;04;BRECI1500070;Brazil
Seven Days - Original Mix;Umami;Seven Days EP;6;31;DESH41300079;Germany
High Velocity Kicker;Zac Waters;High Velocity Kicker;4;11;AUBEC1704850;Australia
The Shadows;Kanine;The Shadows / Invincible;4;25;GB8KE1754813;United Kingdom
Drop Low;K-Motionz;C.H.B;3;39;GB8KE1650357;United Kingdom
Feel So Good;Majistrate;Twenty;4;04;GB8KE1358010;United Kingdom
Pressure;Majistrate;Pressure;4;07;GB8KE1653515;United Kingdom
Sometimes;Dustycloud;Sometimes;3;26;USLD90817996;United States of America
Right Here;Billy Kenny;HELDEEP DJ Tools EP - Part 1;4;27;NLZ541501405;Netherlands
Insomnia;Macky Gee;Sway;5;14;GB8KE1554352;United Kingdom
Guerilla;BROHUG;Guerilla;2;49;NLZ541600952;Netherlands
Tempest;Alix Perez;Ghosts - EP;3;29;UKEWB1600014;missing
Ghetto Blaster;Levela;Ghetto Blaster;4;33;GB8KE1558897;United Kingdom
Malice;Drezo;Malice;4;23;TCACP1657688;Turks and Caicos Islands
What I Got;Destructo;What I Got;4;43;CH6541703774;Switzerland
Amber;Ivy Lab;Amber;3;18;GBVPL1700030;United Kingdom
Outta Space;Guigoo;Best of Narkotek Tracks;8;35;FR0U91000224;France
Axshun;Annix;Forever;5;37;GBLSB1600001;United Kingdom
Pussyhole;Pacso;Gorilla Glue;4;47;GB8KE1755721;United Kingdom
Free Range;Hedex;Mental Images EP;4;51;GBRD51400174;United Kingdom
Combustion team;Konichi;3FlowDigi012;4;27;GB8KE1301426;United Kingdom
MollyBreath;Sonny Banks;MollyBreath;3;51;USLD91701855;United States of America
Louder;Teddy Killerz;Killer Squad EP;3;50;GB5KW1601680;United Kingdom
Fly Kicks - Wax Motif Remix;AC Slater;Night Bass Remixed Vol. 1;4;38;USYBL1700770;United States of America
Neighbourhood (Radio Mix);Zed Bias;Neighbourhood;3;35;GBBKS0000059;United Kingdom
R Ting;Hoogs;Ammo Box V3;4;30;GB8KE1650706;United Kingdom
Brooklyn;Jam Thieves;After Blast EP;4;29;GBLSB1700055;United Kingdom
Pulsation;InsideInfo;Pulsation / Talisman;4;47;GBTMZ1500392;United Kingdom
500 Gallons;DJ Alpha;Frozen Black EP;4;21;GBRD51300134;United Kingdom
Badman Vip;Kryptic Minds;Namaste EP;5;21;GBTHS0900056;United Kingdom
Bust Yo Ass;Dutta;Cali Spaceship;4;24;GB8KE1754381;United Kingdom
Kit Kat;Tsuki;Gravity Volume 2;4;29;GB8KE1653586;United Kingdom
You Know Why - Original Mix;Picco;You Know Why;4;20;DEZ381500251;Germany
Pale Blue Dot;The Prototypes;City of Gold (Bonus Version);4;52;GBTMZ1400261;United Kingdom
Miss You - D&B Mix;Fox Stevenson;For Fox Sake - EP;4;03;FRX201708805;France
Daggering;Propane;Daggering;2;58;GB-SMU-42-12135;United Kingdom
Dogfight;Jay Robinson;Fight Music;5;22;USYBL1600332;United States of America
Decisions;Phace;Wastemen;4;55;DEQ121749824;Germany
Dope Slinger;AC Slater;Outsiders;3;16;USYBL1701258;United States of America
Killed It;Raven & Kreyn;Killed It;4;06;QZS1Z1633494;missing
Crash;Annix;Forever;4;05;GBLSB1600004;United Kingdom
Prophecy;Tchami;Prophecy;4;38;USLD90817700;United States of America
Serious Frenkie;Phlegmatic Dogs;Keepmastik;5;48;USYBL1700078;United States of America
Anxious;Macky Gee;Liondub Street Series, Vol. 11 - Black Widow;5;46;QMKKH1500012;missing
Diamonds;Malaa;Diamonds;4;11;USLD90816147;United States of America
Teddy's Song;Teddy Killerz;Nightmare Street;3;55;GB5KW1700606;United Kingdom
Metamorphosis;InsideInfo;Metamorphosis;4;25;GBTMZ1400269;United Kingdom
Bold;Dustycloud;Auspex EP;4;46;USLD91701289;United States of America
Drug Dealer;Tsuki;Drug Dealer;4;47;DEAR41629951;Germany
Babylon;Distinkt;Integrate Vol. 1;4;29;GB8KE1553745;United Kingdom
Lady Dub;The Widdler;Sensi Samurai EP;6;07;GBBSP0820007;United Kingdom
Champagne;Ganja White Night;Hybrid Distillery;3;50;TCACG1572873;Turks and Caicos Islands
Eyes Down;Ivy Lab;Peninsula EP;3;56;GBVPL1700013;United Kingdom
Mr Majestic;Calibre;Mr. Majestic;5;21;GBZSD0400009;United Kingdom
Buffalo Charge;Dub Phizix;Buffalo Charge;5;40;UK92K1400101;missing
Battle - Cause & Affect Remix V.I.P;Riddim Commission;Bass Mentality 001;4;58;GBZJC1700318;United Kingdom
Mind Bender;Ego Trippin;All City LP Sampler;4;26;GB8KE1850070;United Kingdom
Marrow;Bou;Marrow/ Think Twice;4;23;GB8KE1756921;United Kingdom
Metro;Aneesh Chengappa;Metro;4;11;QM42K1604714;missing
Forsaken;Wax Motif;Forsaken;4;16;USYBL1701808;United States of America
Motion Shift;TS7;Shake the Bass;5;07;FR96X1707774;France
Do What You Wanna Do;Darkzy;Shake the Bass;6;00;FR96X1707765;France
I Swear;Bushbaby;Shake the Bass;6;18;FR96X1707768;France
Eyes On You - Radio Edit;Holy Goof;Eyes On You;3;26;GB2LD1700038;United Kingdom
Air;Holy Goof;Air;5;55;GB2LD0902516;United Kingdom
Gammy Elbow;DJ Zinc;Gammy Elbow;3;15;QM6N21747401;missing
The Herd;Cause & Affect;The Herd;4;25;FR2X41631250;France
Ocelot;Sample Junkie;In:Flux Audio Sampler;3;43;GBKQU1781066;United Kingdom
Paranoid;Notion;Paranoid;5;57;FR10S1768037;France
Nightmares;Chris Lorenzo;Foot & Mouth;3;59;USYBL1600756;United States of America
Wickedest Ting;Hybrid Theory;Shake the Bass;4;04;FR96X1707777;France
Coastin Through Karachi - Ego Trippin Remix;Pacso;Re-Fixes;5;11;GB8KE1850657;United Kingdom
Fly The W (Black Loops Remix) - TR368;Carlo;Toolroom Radio EP361 - Presented by Mark Knight;3;40;GBJAJ1700406;United Kingdom
Tap Ho - Shapes Remix;TC;Tap Ho (Shapes Remix);3;51;GBKPL1802532;United Kingdom
Calypso;Round Table Knights;Calypso;6;48;GB6NC1000221;United Kingdom
4:20;The Flexican;New Moon;4;55;NLQ6X1600001;Netherlands
Blej;Halogenix;Velvet EP;4;44;GBVPL1700039;United Kingdom
Creature;Petey Clicks;Creature;3;26;USYBL1301086;United States of America
Westcoaster;Phlegmatic Dogs;Westcoaster;3;35;USYBL1701783;United States of America
Inkali;Damien N-Drix;Inkali;3;39;NLZ541701419;Netherlands
Birthman;LO'99;Birthman;3;35;AUDCB1701119;Australia
Hostyl;Malaa;Hostyl;3;37;USLD91710508;United States of America
Big Riddim;AC Slater;Outsiders;4;05;USYBL1701291;United States of America
Somebody To Love;Mr. Belt & Wezol;Somebody To Love;4;57;NLZ541500389;Netherlands
Be Bold - Wilkinson Remix;Tam Cooper;Be Bold (Remixes);4;31;GBHAD1600147;United Kingdom
Used 2 Be - Phlegmatic Dogs Remix;Wax Motif;Used 2 Be (Phlegmatic Dogs Remix);5;37;GBKPL1788375;United Kingdom
BBT;Pythius;Abandon;5;14;USA2P1456119;United States of America
Bust That Rhythm;Phibes;Glitch & Funk, Vol. 2;4;49;USLZJ1655000;United States of America
Techno;Destructo;Techno;3;45;TCACI1559889;Turks and Caicos Islands
Sensi Skank - D&B Remix;Placid;Sensi Skank;5;37;GB5TW1100049;United Kingdom
Pigalle;DJ Snake;Encore;4;23;QMZSY1600014;missing
DRUGS!;Rezz;Mass Manipulation;3;18;GBTDG1301299;United Kingdom
Everybody In The Club;Taiki Nulight;Dead End;4;10;USYBL1701476;United States of America
Orgalorg;Infekt;Disciple 04: Apocalypse;5;05;FR59R1630801;France
Edge;Rezz;The Silence Is Deafening;3;44;GBTDG1301077;United Kingdom
Nyctophilia;AGLORY;Lethal - EP;4;57;QMWZB1510711;missing
I WARE HOUSE;JOYRYDE;I WARE HOUSE;4;27;USAT21700582;United States of America
Shaolin Sword;Ego Trippin;All City LP;4;04;GB8KE1851445;United Kingdom
Thrill Seekers - Bassline Mix;Ego Trippin;All City LP;4;11;GB8KE1851447;United Kingdom
Make It Bounce;Martin Vide;Make It Bounce;2;32;uscgj1882540;missing
Chinatown;Distinkt;FABRICLIVE 97: Holy Goof;2;24;FR2X41768489;France
Lose My Mind;Chris Lake;Lose My Mind;3;40;QMDA71817692;missing
LSD;Document One;LSD;4;12;GBPWR1600674;United Kingdom
Café Brasil;Croatia Squad;Café Brasil;3;02;CH3131814037;Switzerland
Make You Hustle;Croatia Squad;Make You Hustle - Single;3;19;CH3131713442;Switzerland
Gotta Shine (feat. Germ);BIJOU;Gotta Shine (feat. Germ);3;24;USDM31807501;United States of America
Take It;Dom Dolla;Take It;3;54;AUDCB1701202;Australia
Sleaze;Shades;Sleaze;3;46;UKEWB1600021;missing
King;Distinct Motive;King / Worthy;5;15;UKCL81800011;missing
Steel Drum;Upgrade;Bad Frequencies EP;4;48;GBRD51800091;United Kingdom
Lion (feat. Taso);Truth;Lion EP;4;30;GBDMM1700098;United Kingdom
Car Jackin;Majistrate;Car Jackin;4;29;GB8KE1852659;United Kingdom
Fishmonger;Logan D;Yeti muncher remix / Fishmonger;5;11;GB8KE1356246;United Kingdom
Rainbow;Modestep;London Road;3;50;USQY51530110;United States of America
I FINK U FREEKY - GOD'S DEATH TRAP REMIX / Instrumental;Die Antwoord;MADE BY GOD (Chapter III);3;39;GBWWP1703045;United Kingdom
Smoke Weed;Jam Thieves;Welcome To The Jungle, Vol. 2: The Ultimate Jungle Cakes Drum & Bass Compilation;5;39;GBFG91200406;United Kingdom
The Riddler;Murdock;The Riddler;3;47;BEN581800319;Belgium
