Ego Trippin;United Kingdom;Europe
Ego Trippin;United Kingdom;Europe
Ego Trippin;United Kingdom;Europe
Serum;United Kingdom;Europe
Macky Gee;United Kingdom;Europe
Phlegmatic Dogs;United States of America;North America
Kyle Watson;France;Europe
AC Slater;United States of America;North America
AC Slater;United States of America;North America
Shiba San;United Kingdom;Europe
Malaa;United States of America;North America
Chocolate Puma;Netherlands;Europe
Maximono;France;Europe
Ivy Lab;missing;missing
Ivy Lab;United Kingdom;Europe
Sizzla;United States of America;North America
Culprate;United Kingdom;Europe
Maztek;United Kingdom;Europe
Yogi;United States of America;North America
Tropkillaz;Brazil;South America
Umami;Germany;Europe
Zac Waters;Australia;Oceania
Kanine;United Kingdom;Europe
K-Motionz;United Kingdom;Europe
Majistrate;United Kingdom;Europe
Majistrate;United Kingdom;Europe
Dustycloud;United States of America;North America
Billy Kenny;Netherlands;Europe
Macky Gee;United Kingdom;Europe
BROHUG;Netherlands;Europe
Alix Perez;missing;missing
Levela;United Kingdom;Europe
Drezo;Turks and Caicos Islands;North America
Destructo;Switzerland;Europe
Ivy Lab;United Kingdom;Europe
Guigoo;France;Europe
Annix;United Kingdom;Europe
Pacso;United Kingdom;Europe
Hedex;United Kingdom;Europe
Konichi;United Kingdom;Europe
Sonny Banks;United States of America;North America
Teddy Killerz;United Kingdom;Europe
AC Slater;United States of America;North America
Zed Bias;United Kingdom;Europe
Hoogs;United Kingdom;Europe
Jam Thieves;United Kingdom;Europe
InsideInfo;United Kingdom;Europe
DJ Alpha;United Kingdom;Europe
Kryptic Minds;United Kingdom;Europe
Dutta;United Kingdom;Europe
Tsuki;United Kingdom;Europe
Picco;Germany;Europe
The Prototypes;United Kingdom;Europe
Fox Stevenson;France;Europe
Propane;United Kingdom;Europe
Jay Robinson;United States of America;North America
Phace;Germany;Europe
AC Slater;United States of America;North America
Raven & Kreyn;missing;missing
Annix;United Kingdom;Europe
Tchami;United States of America;North America
Phlegmatic Dogs;United States of America;North America
Macky Gee;missing;missing
Malaa;United States of America;North America
Teddy Killerz;United Kingdom;Europe
InsideInfo;United Kingdom;Europe
Dustycloud;United States of America;North America
Tsuki;Germany;Europe
Distinkt;United Kingdom;Europe
The Widdler;United Kingdom;Europe
Ganja White Night;Turks and Caicos Islands;North America
Ivy Lab;United Kingdom;Europe
Calibre;United Kingdom;Europe
Dub Phizix;missing;missing
Riddim Commission;United Kingdom;Europe
Ego Trippin;United Kingdom;Europe
Bou;United Kingdom;Europe
Aneesh Chengappa;missing;missing
Wax Motif;United States of America;North America
TS7;France;Europe
Darkzy;France;Europe
Bushbaby;France;Europe
Holy Goof;United Kingdom;Europe
Holy Goof;United Kingdom;Europe
DJ Zinc;missing;missing
Cause & Affect;France;Europe
Sample Junkie;United Kingdom;Europe
Notion;France;Europe
Chris Lorenzo;United States of America;North America
Hybrid Theory;France;Europe
Pacso;United Kingdom;Europe
Carlo;United Kingdom;Europe
TC;United Kingdom;Europe
Round Table Knights;United Kingdom;Europe
The Flexican;Netherlands;Europe
Halogenix;United Kingdom;Europe
Petey Clicks;United States of America;North America
Phlegmatic Dogs;United States of America;North America
Damien N-Drix;Netherlands;Europe
LO'99;Australia;Oceania
Malaa;United States of America;North America
AC Slater;United States of America;North America
Mr. Belt & Wezol;Netherlands;Europe
Tam Cooper;United Kingdom;Europe
Wax Motif;United Kingdom;Europe
Pythius;United States of America;North America
Phibes;United States of America;North America
Destructo;Turks and Caicos Islands;North America
Placid;United Kingdom;Europe
DJ Snake;missing;missing
Rezz;United Kingdom;Europe
Taiki Nulight;United States of America;North America
Infekt;France;Europe
Rezz;United Kingdom;Europe
AGLORY;missing;missing
JOYRYDE;United States of America;North America
Ego Trippin;United Kingdom;Europe
Ego Trippin;United Kingdom;Europe
Martin Vide;missing;missing
Distinkt;France;Europe
Chris Lake;missing;missing
Document One;United Kingdom;Europe
Croatia Squad;Switzerland;Europe
Croatia Squad;Switzerland;Europe
BIJOU;United States of America;North America
Dom Dolla;Australia;Oceania
Shades;missing;missing
Distinct Motive;missing;missing
Upgrade;United Kingdom;Europe
Truth;United Kingdom;Europe
Majistrate;United Kingdom;Europe
Logan D;United Kingdom;Europe
Modestep;United States of America;North America
Die Antwoord;United Kingdom;Europe
Jam Thieves;United Kingdom;Europe
Murdock;Belgium;Europe
