Sight N Soundz;Ego Trippin;Hard Bop / Sight N Soundz;4;52;GB8KE1650582;Europe;United Kingdom
Filthy Criminals - VIP;Ego Trippin;Filthy VIP's Part One;4;25;GB8KE1755436;Europe;United Kingdom
Two Types - VIP;Ego Trippin;Filthy VIP's Part One;4;47;GB8KE1755435;Europe;United Kingdom
Blow Them Away;Serum;Hospital: We Are 21;5;11;GBCJY1600360;Europe;United Kingdom
Chicken Neck;Macky Gee;Sway;3;49;GB8KE1554349;Europe;United Kingdom
Keepmastik;Phlegmatic Dogs;Keepmastik;4;45;USYBL1700077;North America;United States of America
That's Kinda Wavy;Kyle Watson;Road Trips Ep;5;23;FR10S1772566;Europe;France
Psycho;AC Slater;My Peoples;4;35;USYBL1600936;North America;United States of America
All About Paper;AC Slater;Outsiders;3;37;USYBL1701289;North America;United States of America
What’s On My Mind;Shiba San;What’s On My Mind;4;51;GBK6Y1715604;Europe;United Kingdom
Fade;Malaa;Fade;4;45;USLD90813980;North America;United States of America
Scrub The Ground;Chocolate Puma;Scrub The Ground;2;49;NLZ541500695;Europe;Netherlands
The Cannibal;Maximono;Mixmag Presents Amine Edge & Dance;3;57;FR9W11501743;Europe;France
Spooky Dub;Ivy Lab;Fortuna EP;4;01;UKCTU1600405;missing;missing
Sunday Crunk - Mefjus Remix;Ivy Lab;MEF:LAB;3;48;GBVPL1500016;Europe;United Kingdom
I'm Living - Ed Solo & Stickybuds Remix;Sizzla;I'm Living the Versions & Remixes;5;36;USBEB1410021;North America;United States of America
Nightmares Vip;Culprate;Dawn;3;08;GBKPL1777769;Europe;United Kingdom
Aphanite;Maztek;Three Point Zero;4;52;GBQXF1430024;Europe;United Kingdom
Burial - Crookers Remix;Yogi;Burial - The Remixes;4;23;USA2P1472708;North America;United States of America
Morena;Tropkillaz;Morena;3;04;BRECI1500070;South America;Brazil
Seven Days - Original Mix;Umami;Seven Days EP;6;31;DESH41300079;Europe;Germany
High Velocity Kicker;Zac Waters;High Velocity Kicker;4;11;AUBEC1704850;Oceania;Australia
The Shadows;Kanine;The Shadows / Invincible;4;25;GB8KE1754813;Europe;United Kingdom
Drop Low;K-Motionz;C.H.B;3;39;GB8KE1650357;Europe;United Kingdom
Feel So Good;Majistrate;Twenty;4;04;GB8KE1358010;Europe;United Kingdom
Pressure;Majistrate;Pressure;4;07;GB8KE1653515;Europe;United Kingdom
Sometimes;Dustycloud;Sometimes;3;26;USLD90817996;North America;United States of America
Right Here;Billy Kenny;HELDEEP DJ Tools EP - Part 1;4;27;NLZ541501405;Europe;Netherlands
Insomnia;Macky Gee;Sway;5;14;GB8KE1554352;Europe;United Kingdom
Guerilla;BROHUG;Guerilla;2;49;NLZ541600952;Europe;Netherlands
Tempest;Alix Perez;Ghosts - EP;3;29;UKEWB1600014;missing;missing
Ghetto Blaster;Levela;Ghetto Blaster;4;33;GB8KE1558897;Europe;United Kingdom
Malice;Drezo;Malice;4;23;TCACP1657688;North America;Turks and Caicos Islands
What I Got;Destructo;What I Got;4;43;CH6541703774;Europe;Switzerland
Amber;Ivy Lab;Amber;3;18;GBVPL1700030;Europe;United Kingdom
Outta Space;Guigoo;Best of Narkotek Tracks;8;35;FR0U91000224;Europe;France
Axshun;Annix;Forever;5;37;GBLSB1600001;Europe;United Kingdom
Pussyhole;Pacso;Gorilla Glue;4;47;GB8KE1755721;Europe;United Kingdom
Free Range;Hedex;Mental Images EP;4;51;GBRD51400174;Europe;United Kingdom
Combustion team;Konichi;3FlowDigi012;4;27;GB8KE1301426;Europe;United Kingdom
MollyBreath;Sonny Banks;MollyBreath;3;51;USLD91701855;North America;United States of America
Louder;Teddy Killerz;Killer Squad EP;3;50;GB5KW1601680;Europe;United Kingdom
Fly Kicks - Wax Motif Remix;AC Slater;Night Bass Remixed Vol. 1;4;38;USYBL1700770;North America;United States of America
Neighbourhood (Radio Mix);Zed Bias;Neighbourhood;3;35;GBBKS0000059;Europe;United Kingdom
R Ting;Hoogs;Ammo Box V3;4;30;GB8KE1650706;Europe;United Kingdom
Brooklyn;Jam Thieves;After Blast EP;4;29;GBLSB1700055;Europe;United Kingdom
Pulsation;InsideInfo;Pulsation / Talisman;4;47;GBTMZ1500392;Europe;United Kingdom
500 Gallons;DJ Alpha;Frozen Black EP;4;21;GBRD51300134;Europe;United Kingdom
Badman Vip;Kryptic Minds;Namaste EP;5;21;GBTHS0900056;Europe;United Kingdom
Bust Yo Ass;Dutta;Cali Spaceship;4;24;GB8KE1754381;Europe;United Kingdom
Kit Kat;Tsuki;Gravity Volume 2;4;29;GB8KE1653586;Europe;United Kingdom
You Know Why - Original Mix;Picco;You Know Why;4;20;DEZ381500251;Europe;Germany
Pale Blue Dot;The Prototypes;City of Gold (Bonus Version);4;52;GBTMZ1400261;Europe;United Kingdom
Miss You - D&B Mix;Fox Stevenson;For Fox Sake - EP;4;03;FRX201708805;Europe;France
Daggering;Propane;Daggering;2;58;GB-SMU-42-12135;Europe;United Kingdom
Dogfight;Jay Robinson;Fight Music;5;22;USYBL1600332;North America;United States of America
Decisions;Phace;Wastemen;4;55;DEQ121749824;Europe;Germany
Dope Slinger;AC Slater;Outsiders;3;16;USYBL1701258;North America;United States of America
Killed It;Raven & Kreyn;Killed It;4;06;QZS1Z1633494;missing;missing
Crash;Annix;Forever;4;05;GBLSB1600004;Europe;United Kingdom
Prophecy;Tchami;Prophecy;4;38;USLD90817700;North America;United States of America
Serious Frenkie;Phlegmatic Dogs;Keepmastik;5;48;USYBL1700078;North America;United States of America
Anxious;Macky Gee;Liondub Street Series, Vol. 11 - Black Widow;5;46;QMKKH1500012;missing;missing
Diamonds;Malaa;Diamonds;4;11;USLD90816147;North America;United States of America
Teddy's Song;Teddy Killerz;Nightmare Street;3;55;GB5KW1700606;Europe;United Kingdom
Metamorphosis;InsideInfo;Metamorphosis;4;25;GBTMZ1400269;Europe;United Kingdom
Bold;Dustycloud;Auspex EP;4;46;USLD91701289;North America;United States of America
Drug Dealer;Tsuki;Drug Dealer;4;47;DEAR41629951;Europe;Germany
Babylon;Distinkt;Integrate Vol. 1;4;29;GB8KE1553745;Europe;United Kingdom
Lady Dub;The Widdler;Sensi Samurai EP;6;07;GBBSP0820007;Europe;United Kingdom
Champagne;Ganja White Night;Hybrid Distillery;3;50;TCACG1572873;North America;Turks and Caicos Islands
Eyes Down;Ivy Lab;Peninsula EP;3;56;GBVPL1700013;Europe;United Kingdom
Mr Majestic;Calibre;Mr. Majestic;5;21;GBZSD0400009;Europe;United Kingdom
Buffalo Charge;Dub Phizix;Buffalo Charge;5;40;UK92K1400101;missing;missing
Battle - Cause & Affect Remix V.I.P;Riddim Commission;Bass Mentality 001;4;58;GBZJC1700318;Europe;United Kingdom
Mind Bender;Ego Trippin;All City LP Sampler;4;26;GB8KE1850070;Europe;United Kingdom
Marrow;Bou;Marrow/ Think Twice;4;23;GB8KE1756921;Europe;United Kingdom
Metro;Aneesh Chengappa;Metro;4;11;QM42K1604714;missing;missing
Forsaken;Wax Motif;Forsaken;4;16;USYBL1701808;North America;United States of America
Motion Shift;TS7;Shake the Bass;5;07;FR96X1707774;Europe;France
Do What You Wanna Do;Darkzy;Shake the Bass;6;00;FR96X1707765;Europe;France
I Swear;Bushbaby;Shake the Bass;6;18;FR96X1707768;Europe;France
Eyes On You - Radio Edit;Holy Goof;Eyes On You;3;26;GB2LD1700038;Europe;United Kingdom
Air;Holy Goof;Air;5;55;GB2LD0902516;Europe;United Kingdom
Gammy Elbow;DJ Zinc;Gammy Elbow;3;15;QM6N21747401;missing;missing
The Herd;Cause & Affect;The Herd;4;25;FR2X41631250;Europe;France
Ocelot;Sample Junkie;In:Flux Audio Sampler;3;43;GBKQU1781066;Europe;United Kingdom
Paranoid;Notion;Paranoid;5;57;FR10S1768037;Europe;France
Nightmares;Chris Lorenzo;Foot & Mouth;3;59;USYBL1600756;North America;United States of America
Wickedest Ting;Hybrid Theory;Shake the Bass;4;04;FR96X1707777;Europe;France
Coastin Through Karachi - Ego Trippin Remix;Pacso;Re-Fixes;5;11;GB8KE1850657;Europe;United Kingdom
Fly The W (Black Loops Remix) - TR368;Carlo;Toolroom Radio EP361 - Presented by Mark Knight;3;40;GBJAJ1700406;Europe;United Kingdom
Tap Ho - Shapes Remix;TC;Tap Ho (Shapes Remix);3;51;GBKPL1802532;Europe;United Kingdom
Calypso;Round Table Knights;Calypso;6;48;GB6NC1000221;Europe;United Kingdom
4:20;The Flexican;New Moon;4;55;NLQ6X1600001;Europe;Netherlands
Blej;Halogenix;Velvet EP;4;44;GBVPL1700039;Europe;United Kingdom
Creature;Petey Clicks;Creature;3;26;USYBL1301086;North America;United States of America
Westcoaster;Phlegmatic Dogs;Westcoaster;3;35;USYBL1701783;North America;United States of America
Inkali;Damien N-Drix;Inkali;3;39;NLZ541701419;Europe;Netherlands
Birthman;LO'99;Birthman;3;35;AUDCB1701119;Oceania;Australia
Hostyl;Malaa;Hostyl;3;37;USLD91710508;North America;United States of America
Big Riddim;AC Slater;Outsiders;4;05;USYBL1701291;North America;United States of America
Somebody To Love;Mr. Belt & Wezol;Somebody To Love;4;57;NLZ541500389;Europe;Netherlands
Be Bold - Wilkinson Remix;Tam Cooper;Be Bold (Remixes);4;31;GBHAD1600147;Europe;United Kingdom
Used 2 Be - Phlegmatic Dogs Remix;Wax Motif;Used 2 Be (Phlegmatic Dogs Remix);5;37;GBKPL1788375;Europe;United Kingdom
BBT;Pythius;Abandon;5;14;USA2P1456119;North America;United States of America
Bust That Rhythm;Phibes;Glitch & Funk, Vol. 2;4;49;USLZJ1655000;North America;United States of America
Techno;Destructo;Techno;3;45;TCACI1559889;North America;Turks and Caicos Islands
Sensi Skank - D&B Remix;Placid;Sensi Skank;5;37;GB5TW1100049;Europe;United Kingdom
Pigalle;DJ Snake;Encore;4;23;QMZSY1600014;missing;missing
DRUGS!;Rezz;Mass Manipulation;3;18;GBTDG1301299;Europe;United Kingdom
Everybody In The Club;Taiki Nulight;Dead End;4;10;USYBL1701476;North America;United States of America
Orgalorg;Infekt;Disciple 04: Apocalypse;5;05;FR59R1630801;Europe;France
Edge;Rezz;The Silence Is Deafening;3;44;GBTDG1301077;Europe;United Kingdom
Nyctophilia;AGLORY;Lethal - EP;4;57;QMWZB1510711;missing;missing
I WARE HOUSE;JOYRYDE;I WARE HOUSE;4;27;USAT21700582;North America;United States of America
Shaolin Sword;Ego Trippin;All City LP;4;04;GB8KE1851445;Europe;United Kingdom
Thrill Seekers - Bassline Mix;Ego Trippin;All City LP;4;11;GB8KE1851447;Europe;United Kingdom
Make It Bounce;Martin Vide;Make It Bounce;2;32;uscgj1882540;missing;missing
Chinatown;Distinkt;FABRICLIVE 97: Holy Goof;2;24;FR2X41768489;Europe;France
Lose My Mind;Chris Lake;Lose My Mind;3;40;QMDA71817692;missing;missing
LSD;Document One;LSD;4;12;GBPWR1600674;Europe;United Kingdom
Café Brasil;Croatia Squad;Café Brasil;3;02;CH3131814037;Europe;Switzerland
Make You Hustle;Croatia Squad;Make You Hustle - Single;3;19;CH3131713442;Europe;Switzerland
Gotta Shine (feat. Germ);BIJOU;Gotta Shine (feat. Germ);3;24;USDM31807501;North America;United States of America
Take It;Dom Dolla;Take It;3;54;AUDCB1701202;Oceania;Australia
Sleaze;Shades;Sleaze;3;46;UKEWB1600021;missing;missing
King;Distinct Motive;King / Worthy;5;15;UKCL81800011;missing;missing
Steel Drum;Upgrade;Bad Frequencies EP;4;48;GBRD51800091;Europe;United Kingdom
Lion (feat. Taso);Truth;Lion EP;4;30;GBDMM1700098;Europe;United Kingdom
Car Jackin;Majistrate;Car Jackin;4;29;GB8KE1852659;Europe;United Kingdom
Fishmonger;Logan D;Yeti muncher remix / Fishmonger;5;11;GB8KE1356246;Europe;United Kingdom
Rainbow;Modestep;London Road;3;50;USQY51530110;North America;United States of America
I FINK U FREEKY - GOD'S DEATH TRAP REMIX / Instrumental;Die Antwoord;MADE BY GOD (Chapter III);3;39;GBWWP1703045;Europe;United Kingdom
Smoke Weed;Jam Thieves;Welcome To The Jungle, Vol. 2: The Ultimate Jungle Cakes Drum & Bass Compilation;5;39;GBFG91200406;Europe;United Kingdom
The Riddler;Murdock;The Riddler;3;47;BEN581800319;Europe;Belgium
